[
  {
    "name": "Armstrong Moving & Storage",
    "location": {
      "street_address": "8201 Lockheed Dr.",
      "extended_address": "Suite 130",
      "locality": "El Paso",
      "region": "Texas",
      "region_code": "TX",
      "postal_code": "79925",
      "country_name": "United States",
      "country_code": "US",
      "latitude": 31.792789,
      "longitude": -106.379407
    },
    "phone_numbers": [
      {
        "phone_number": "(915) 779-3918",
        "phone_type": "voice",
        "dsn": false
      }
    ]
  },
  {
    "name": "Hanson Aggregates Mid-Pacific, Inc.",
    "location": {
      "street_address": "4501 Tidewater Ave.",
      "extended_address": null,
      "locality": "Oakland",
      "region": "California",
      "region_code": "CA",
      "postal_code": "94601",
      "country_name": "United States",
      "country_code": "US",
      "latitude": 37.7639469,
      "longitude": -122.2230642
    },
    "phone_numbers": [
      {
        "phone_number": "(510) 261-8544",
        "phone_type": "voice",
        "dsn": false
      }
    ],
    "hours": "Monday - Friday 0630-1400",
    "note": "Cost: $25.00 per ticket"
  },
  {
    "name": "Lawton Public Scales",
    "location": {
      "street_address": "2121 Washington",
      "extended_address": null,
      "locality": "Lawton",
      "region": "Oklahoma",
      "region_code": "OK",
      "postal_code": "73501",
      "country_name": "United States",
      "country_code": "US",
      "latitude": 34.5936798,
      "longitude": -98.4205432
    },
    "phone_numbers": [
      {
        "phone_number": "(580) 355-4041",
        "phone_type": "voice",
        "dsn": false
      }
    ],
    "hours": "0800 - 1700",
    "note": "Cost: $12.00 per ticket"
  },
  {
    "name": "Gaeta Sanitation",
    "location": {
      "street_address": "22 Van Street",
      "extended_address": null,
      "locality": "Staten Island",
      "region": "New York",
      "region_code": "NY",
      "postal_code": "10310",
      "country_name": "United States",
      "country_code": "US",
      "latitude": 40.6399823,
      "longitude": -74.119941
    },
    "phone_numbers": [
      {
        "phone_number": "718-720-7220",
        "phone_type": "voice",
        "dsn": false
      }
    ]
  },
  {
    "name": "Alaska Highway Weigh Station",
    "location": {
      "street_address": "1308 Alaska Hwy",
      "extended_address": null,
      "locality": "Tok",
      "region": "Alaska",
      "region_code": "AK",
      "postal_code": "99780",
      "country_name": "United States",
      "country_code": "US",
      "latitude": 63.32268819999999,
      "longitude": -142.8091593
    },
    "phone_numbers": [
      {
        "phone_number": "907-883-4591",
        "phone_type": "voice",
        "dsn": false
      }
    ]
  },
  {
    "name": "Coleman American Moving and Storage",
    "location": {
      "street_address": "4520 Cargo Drive",
      "extended_address": null,
      "locality": "Columbus",
      "region": "Georgia",
      "region_code": "GA",
      "postal_code": "31907",
      "country_name": "United States",
      "country_code": "US",
      "latitude": 32.507311,
      "longitude": -84.87274300000001
    },
    "email_addresses": [
      {
        "email_address": "columbus.ga@covan.com"
      }
    ],
    "hours": "Monday - Saturday 0800 - 1800",
    "note": "Cost: $5.00 per ticket"
  },
  {
    "name": "Livingston Moving and Storage",
    "location": {
      "street_address": "21207 NYS Route 12",
      "extended_address": null,
      "locality": "Watertown",
      "region": "New York",
      "region_code": "NY",
      "postal_code": "13601",
      "country_name": "United States",
      "country_code": "US",
      "latitude": 43.9914602,
      "longitude": -75.9481347
    },
    "phone_numbers": [
      {
        "phone_number": "315-782-1090",
        "phone_type": "voice",
        "dsn": false
      }
    ]
  },
  {
    "name": "Fort Knox Recycle Center",
    "location": {
      "street_address": "309 Frazier Rd, Bldg 2957",
      "extended_address": "(Scale Master: Bldg 2962)",
      "locality": "Fort Knox",
      "region": "Kentucky",
      "region_code": "KY",
      "postal_code": "40121",
      "country_name": "United States",
      "country_code": "US",
      "latitude": 37.9161043,
      "longitude": -85.9562469
    },
    "hours": "Monday - Friday 0715 - 1530"
  },
  {
    "name": "Love's",
    "location": {
      "street_address": "1165 Harrisburg Pike",
      "extended_address": null,
      "locality": "Carlisle",
      "region": "Pennsylvania",
      "region_code": "PA",
      "postal_code": "17013",
      "country_name": "United States",
      "country_code": "US",
      "latitude": 40.2304009,
      "longitude": -77.1441332
    },
    "phone_numbers": [
      {
        "phone_number": "717-240-0055",
        "phone_type": "voice",
        "dsn": false
      }
    ],
    "note": "Cost: $10.00 for first weigh, $2.00 for second weigh"
  },
  {
    "name": "Speedy Fuel",
    "location": {
      "street_address": "1234 W Cowles St",
      "extended_address": null,
      "locality": "Long Beach",
      "region": "California",
      "region_code": "CA",
      "postal_code": "90813",
      "country_name": "United States",
      "country_code": "US",
      "latitude": 33.7844375,
      "longitude": -118.2082073
    },
    "phone_numbers": [
      {
        "phone_number": "562-491-1248",
        "phone_type": "voice",
        "dsn": false
      }
    ],
    "hours": "Open 24 hours a day."
  },
  {
    "name": "Berry Van Lines",
    "location": {
      "street_address": "602 Pear St",
      "extended_address": null,
      "locality": "Dover",
      "region": "Delaware",
      "region_code": "DE",
      "postal_code": "19904",
      "country_name": "United States",
      "country_code": "US",
      "latitude": 39.1684782,
      "longitude": -75.53930509999999
    },
    "phone_numbers": [
      {
        "phone_number": "302-674-1300",
        "phone_type": "voice",
        "dsn": false
      }
    ],
    "hours": "Monday - Friday 0800 - 1700",
    "note": "Cost: $10.00 per ticket"
  },
  {
    "name": "Cord Moving",
    "location": {
      "street_address": "57 Marsh Dr",
      "extended_address": null,
      "locality": "Belleville",
      "region": "Illinois",
      "region_code": "IL",
      "postal_code": "62221",
      "country_name": "United States",
      "country_code": "US",
      "latitude": 38.5021797,
      "longitude": -89.94522529999999
    },
    "phone_numbers": [
      {
        "phone_number": "618-235-5561",
        "phone_type": "voice",
        "dsn": false
      }
    ],
    "hours": "Monday - Friday 0800 - 1700,  Saturday 0800 - 1200 (during summer only)",
    "note": "Cost: $8.00 per ticket"
  },
  {
    "name": "Peavey Company",
    "location": {
      "street_address": "1327 US-60",
      "extended_address": null,
      "locality": "Clovis",
      "region": "New Mexico",
      "region_code": "NM",
      "postal_code": "88101",
      "country_name": "United States",
      "country_code": "US",
      "latitude": 34.402954,
      "longitude": -103.2558177
    },
    "phone_numbers": [
      {
        "phone_number": "575-762-2946",
        "phone_type": "voice",
        "dsn": false
      }
    ],
    "hours": "Monday - Friday 0700 - 1600"
  },
  {
    "name": "TTT Truck Stop",
    "location": {
      "street_address": "I-10 & Exit 268",
      "extended_address": null,
      "locality": "Tucson",
      "region": "Arizona",
      "region_code": "AZ",
      "postal_code": "85756",
      "country_name": "United States",
      "country_code": "US",
      "latitude": 32.12711410000001,
      "longitude": -110.8760645
    },
    "phone_numbers": [
      {
        "phone_number": "520-574-0050",
        "phone_type": "voice",
        "dsn": false
      }
    ],
    "hours": "Open 24 hours a day.",
    "note": "Cost: $11.00 per ticket"
  },
  {
    "name": "Albuquerque Moving and Storage",
    "location": {
      "street_address": "5005 Paseo Del Norte NE",
      "extended_address": null,
      "locality": "Albuquerque",
      "region": "New Mexico",
      "region_code": "NM",
      "postal_code": "87113",
      "country_name": "United States",
      "country_code": "US",
      "latitude": 35.175436,
      "longitude": -106.588492
    },
    "phone_numbers": [
      {
        "phone_number": "505-823-1441",
        "phone_type": "voice",
        "dsn": false
      }
    ],
    "hours": "0800 - 1630",
    "note": "Cost: $8.00 per ticket"
  },
  {
    "name": "Outdoor Recreation",
    "location": {
      "street_address": "Mulvane Rd",
      "extended_address": null,
      "locality": "McConnell AFB",
      "region": "Kansas",
      "region_code": "KS",
      "postal_code": "62771",
      "country_name": "United States",
      "country_code": "US",
      "latitude": 38.5596129,
      "longitude": -96.1433091
    },
    "phone_numbers": [
      {
        "phone_number": "316-759-4432",
        "phone_type": "voice",
        "dsn": false
      }
    ],
    "hours": "Monday - Friday 0900 - 1700",
    "note": "Cost: $5.00 per ticket"
  },
  {
    "name": "Merchants Parcel Delivery",
    "location": {
      "street_address": "4901 Auto Center Blvd",
      "extended_address": null,
      "locality": "Bremerton",
      "region": "Washington",
      "region_code": "WA",
      "postal_code": "98312",
      "country_name": "United States",
      "country_code": "US",
      "latitude": 47.5594484,
      "longitude": -122.6786567
    },
    "phone_numbers": [
      {
        "phone_number": "360-373-2521",
        "phone_type": "voice",
        "dsn": false
      }
    ],
    "hours": "Monday - Friday 0800 - 1700",
    "note": "Cost: $10.00 per ticket"
  },
  {
    "name": "Monroe County Concrete",
    "location": {
      "street_address": "125 Toppino Indust Drive",
      "extended_address": null,
      "locality": "Key West",
      "region": "Florida",
      "region_code": "FL",
      "postal_code": "33040",
      "country_name": "United States",
      "country_code": "US",
      "latitude": 24.5557892,
      "longitude": -81.7918842
    },
    "phone_numbers": [
      {
        "phone_number": "305-296-9934",
        "phone_type": "voice",
        "dsn": false
      }
    ]
  },
  {
    "name": "Flying J Travel Plaza",
    "location": {
      "street_address": "8200 NW Blvd",
      "extended_address": null,
      "locality": "Davenport",
      "region": "Iowa",
      "region_code": "IA",
      "postal_code": "52806",
      "country_name": "United States",
      "country_code": "US",
      "latitude": 41.601951,
      "longitude": -90.6250699
    },
    "phone_numbers": [
      {
        "phone_number": "563-386-7710",
        "phone_type": "voice",
        "dsn": false
      }
    ],
    "hours": "Open 24 hours a day."
  },
  {
    "name": "Haynes Van & Storage",
    "location": {
      "street_address": "3495 N Alcaniz St",
      "extended_address": null,
      "locality": "Pensacola",
      "region": "Florida",
      "region_code": "FL",
      "postal_code": "32503",
      "country_name": "United States",
      "country_code": "US",
      "latitude": 30.4489564,
      "longitude": -87.2176161
    },
    "phone_numbers": [
      {
        "phone_number": "850-432-7588",
        "phone_type": "voice",
        "dsn": false
      }
    ],
    "hours": "Monday - Friday 0800 - 1600",
    "note": "Cost: $5.00 per ticket"
  },
  {
    "name": "Reads Move Systems",
    "location": {
      "street_address": "6411 Phillips Highway",
      "extended_address": null,
      "locality": "Jacksonville",
      "region": "Florida",
      "region_code": "FL",
      "postal_code": "32216",
      "country_name": "United States",
      "country_code": "US",
      "latitude": 30.256132,
      "longitude": -81.608853
    },
    "phone_numbers": [
      {
        "phone_number": "904-733-2626",
        "phone_type": "voice",
        "dsn": false
      }
    ]
  },
  {
    "name": "CC Weighing Co",
    "location": {
      "street_address": "709 Com Products Rd",
      "extended_address": null,
      "locality": "Corpus Christi",
      "region": "Texas",
      "region_code": "TX",
      "postal_code": "78409",
      "country_name": "United States",
      "country_code": "US",
      "latitude": 27.8000529,
      "longitude": -97.4861617
    },
    "phone_numbers": [
      {
        "phone_number": "361-289-0721",
        "phone_type": "voice",
        "dsn": false
      }
    ],
    "hours": "Monday - Friday 0700 - 2200, Saturday 0700 - 1900"
  },
  {
    "name": "Republic North Shelby County Landfill",
    "location": {
      "street_address": "7111 Old Millington Rd",
      "extended_address": null,
      "locality": "Millington",
      "region": "Tennessee",
      "region_code": "TN",
      "postal_code": "38053",
      "country_name": "United States",
      "country_code": "US",
      "latitude": 35.321404,
      "longitude": -89.938604
    },
    "phone_numbers": [
      {
        "phone_number": "901-872-7200",
        "phone_type": "voice",
        "dsn": false
      }
    ],
    "hours": "Monday - Friday 0700 - 1630, Saturday 0700 - 1230"
  },
  {
    "name": "Loves Travel Center",
    "location": {
      "street_address": "11332 Cedar Lake Rd",
      "extended_address": null,
      "locality": "Biloxi",
      "region": "Mississippi",
      "region_code": "MS",
      "postal_code": "39532",
      "country_name": "United States",
      "country_code": "US",
      "latitude": 30.4521115,
      "longitude": -88.9332891
    },
    "phone_numbers": [
      {
        "phone_number": "228-396-5646",
        "phone_type": "voice",
        "dsn": false
      }
    ]
  },
  {
    "name": "Riverside Recycling",
    "location": {
      "street_address": "11266 Hwy 23",
      "extended_address": null,
      "locality": "Belle Chasse",
      "region": "Louisiana",
      "region_code": "LA",
      "postal_code": "70037",
      "country_name": "United States",
      "country_code": "US",
      "latitude": 29.78452619999999,
      "longitude": -90.025335
    },
    "hours": "Monday - Friday 0630 - 1630, Saturday 0700 - 1200",
    "note": "Cost: $10.00 per ticket"
  },
  {
    "name": "Golden Gate Gas",
    "location": {
      "street_address": "1755 W Willams Ave",
      "extended_address": null,
      "locality": "Fallon",
      "region": "Nevada",
      "region_code": "NV",
      "postal_code": "89406",
      "country_name": "United States",
      "country_code": "US",
      "latitude": 39.4749056,
      "longitude": -118.7963363
    },
    "phone_numbers": [
      {
        "phone_number": "775-423-5500",
        "phone_type": "voice",
        "dsn": false
      }
    ]
  },
  {
    "name": "231 Truck Stop",
    "location": {
      "street_address": "15821 US-231",
      "extended_address": null,
      "locality": "Youngstown",
      "region": "Florida",
      "region_code": "FL",
      "postal_code": "32466",
      "country_name": "United States",
      "country_code": "US",
      "latitude": 30.4334011,
      "longitude": -85.42830599999999
    },
    "phone_numbers": [
      {
        "phone_number": "850-722-8099",
        "phone_type": "voice",
        "dsn": false
      }
    ]
  },
  {
    "name": "Daniels Moving & Storage",
    "location": {
      "street_address": "9700D Railroad Ave",
      "extended_address": null,
      "locality": "El Paso",
      "region": "Texas",
      "region_code": "TX",
      "postal_code": "79924",
      "country_name": "United States",
      "country_code": "US",
      "latitude": 31.88798,
      "longitude": -106.398002
    },
    "phone_numbers": [
      {
        "phone_number": "915-751-6481",
        "phone_type": "voice",
        "dsn": false
      }
    ]
  },
  {
    "name": "Scott AFB Scale",
    "location": {
      "street_address": "1 Soldier Way",
      "extended_address": null,
      "locality": "Scott Air Force Base",
      "region": "Illinois",
      "region_code": "IL",
      "postal_code": "62225",
      "country_name": "United States",
      "country_code": "US",
      "latitude": 38.5415911,
      "longitude": -89.8550095
    },
    "phone_numbers": [
      {
        "phone_number": "618-220-0000",
        "phone_type": "voice",
        "dsn": false
      }
    ],
    "hours": "Monday - Saturday 0700 - 1600"
  },
  {
    "name": "Armstrong Moving & Storage",
    "location": {
      "street_address": "Lockheed Dr",
      "extended_address": "Ste 130",
      "locality": "El Paso",
      "region": "Texas",
      "region_code": "TX",
      "postal_code": "79925",
      "country_name": "United States",
      "country_code": "US",
      "latitude": 31.792789,
      "longitude": -106.379407
    },
    "phone_numbers": [
      {
        "phone_number": "915-779-3918",
        "phone_type": "voice",
        "dsn": false
      }
    ]
  },
  {
    "name": "Hanson Aggregates Mid-Pacific, Inc.",
    "location": {
      "street_address": "4501 Tidewater Ave",
      "extended_address": null,
      "locality": "Oakland",
      "region": "California",
      "region_code": "CA",
      "postal_code": "94601",
      "country_name": "United States",
      "country_code": "US",
      "latitude": 37.7639469,
      "longitude": -122.2230642
    },
    "phone_numbers": [
      {
        "phone_number": "510-261-8544",
        "phone_type": "voice",
        "dsn": false
      }
    ],
    "hours": "Monday - Friday 0630 - 1400",
    "note": "Cost: $25.00 per ticket"
  },
  {
    "name": "Jerico Products Inc.",
    "location": {
      "street_address": "150 Landing Way",
      "extended_address": null,
      "locality": "Petaluma",
      "region": "California",
      "region_code": "CA",
      "postal_code": "94952",
      "country_name": "United States",
      "country_code": "US",
      "latitude": 38.235845,
      "longitude": -122.634675
    },
    "email_addresses": [
      {
        "email_address": "customerservice@lindmarine.com"
      }
    ],
    "phone_numbers": [
      {
        "phone_number": "707-762-7251",
        "phone_type": "voice",
        "dsn": false
      }
    ],
    "hours": "Monday - Friday 0600 - 1530",
    "note": "Cost: $25.00 per ticket"
  },
  {
    "name": "Logistics Readiness Center",
    "location": {
      "street_address": "Washington Blvd SW",
      "extended_address": "Building 9614",
      "locality": "Joint Base Lewis McChord",
      "region": "Washington",
      "region_code": "WA",
      "postal_code": "98433",
      "country_name": "United States",
      "country_code": "US",
      "latitude": 47.148842,
      "longitude": -122.5644993
    },
    "phone_numbers": [
      {
        "phone_number": "253-966-7521",
        "phone_type": "voice",
        "dsn": false
      }
    ]
  },
  {
    "name": "Sapp Brothers Truck Stop",
    "location": {
      "street_address": "1913 Lacy Lane",
      "extended_address": null,
      "locality": "Junction City",
      "region": "Kansas",
      "region_code": "KS",
      "postal_code": "66441",
      "country_name": "United States",
      "country_code": "US",
      "latitude": 39.0014405,
      "longitude": -96.86349799999999
    },
    "phone_numbers": [
      {
        "phone_number": "785-238-1600",
        "phone_type": "voice",
        "dsn": false
      }
    ]
  },
  {
    "name": "Trading Post Moving & Storage",
    "location": {
      "street_address": "119 S Industrial Blvd",
      "extended_address": null,
      "locality": "Enterprise",
      "region": "Alabama",
      "region_code": "AL",
      "postal_code": "36330",
      "country_name": "United States",
      "country_code": "US",
      "latitude": 31.2953402,
      "longitude": -85.8528367
    },
    "phone_numbers": [
      {
        "phone_number": "334-347-0211",
        "phone_type": "voice",
        "dsn": false
      }
    ]
  },
  {
    "name": "Fort Hood Recycle",
    "location": {
      "street_address": "72nd Street",
      "extended_address": "Bldg 4626 & 4666",
      "locality": "Fort Hood",
      "region": "Texas",
      "region_code": "TX",
      "postal_code": "76544",
      "country_name": "United States",
      "country_code": "US",
      "latitude": 31.1950013,
      "longitude": -97.7413143
    },
    "phone_numbers": [
      {
        "phone_number": "254-287-7881",
        "phone_type": "voice",
        "dsn": false
      }
    ],
    "hours": "Monday - Friday 0730 - 1630",
    "note": "Cost: $10.00 per ticket"
  },
  {
    "name": "Century Van Lines",
    "location": {
      "street_address": "211 Marion St",
      "extended_address": null,
      "locality": "Leavenworth",
      "region": "Kansas",
      "region_code": "KS",
      "postal_code": "66048",
      "country_name": "United States",
      "country_code": "US",
      "latitude": 39.294109,
      "longitude": -94.905019
    },
    "phone_numbers": [
      {
        "phone_number": "913-651-3600",
        "phone_type": "voice",
        "dsn": false
      }
    ],
    "hours": "Monday - Friday 0900 - 1630",
    "note": "Cost: $5.00 per ticket"
  },
  {
    "name": "Flying J",
    "location": {
      "street_address": "10800 N Frontage Rd",
      "extended_address": null,
      "locality": "Yuma",
      "region": "Arizona",
      "region_code": "AZ",
      "postal_code": "85365",
      "country_name": "United States",
      "country_code": "US",
      "latitude": 32.673458,
      "longitude": -114.444909
    },
    "phone_numbers": [
      {
        "phone_number": "928-342-2696",
        "phone_type": "voice",
        "dsn": false
      }
    ],
    "hours": "Open 24 hours a day.",
    "note": "Cost: $11.00 per ticket"
  },
  {
    "name": "Gershow Recycling",
    "location": {
      "street_address": "1887 Pitkin Ave",
      "extended_address": null,
      "locality": "Brooklyn",
      "region": "New York",
      "region_code": "NY",
      "postal_code": "11212",
      "country_name": "United States",
      "country_code": "US",
      "latitude": 40.6710412,
      "longitude": -73.9031664
    },
    "phone_numbers": [
      {
        "phone_number": "718-345-2240",
        "phone_type": "voice",
        "dsn": false
      }
    ],
    "note": "Cost: $10.00 per ticket"
  },
  {
    "name": "Alabama Truck Lines",
    "location": {
      "street_address": "3314 Jordan Lane",
      "extended_address": null,
      "locality": "Huntsville",
      "region": "Alabama",
      "region_code": "AL",
      "postal_code": "35806",
      "country_name": "United States",
      "country_code": "US",
      "latitude": 34.7796991,
      "longitude": -86.6577634
    },
    "phone_numbers": [
      {
        "phone_number": "256-851-8480",
        "phone_type": "voice",
        "dsn": false
      }
    ],
    "urls": [
      {
        "url": "huntsamsamover.net"
      }
    ],
    "hours": "Monday - Friday 0730 - 1630",
    "note": "Cost: $10.00 for 1st weigh, $2.00 for 2nd weigh"
  },
  {
    "name": "Whitestar Movers",
    "location": {
      "street_address": "35956 Mound Rd",
      "extended_address": null,
      "locality": "Sterling Heights",
      "region": "Michigan",
      "region_code": "MI",
      "postal_code": "48310",
      "country_name": "United States",
      "country_code": "US",
      "latitude": 42.55735,
      "longitude": -83.046026
    },
    "phone_numbers": [
      {
        "phone_number": "586-977-0400",
        "phone_type": "voice",
        "dsn": false
      }
    ],
    "hours": "Monday - Friday 0730 - 1630, Saturdays by appointment only"
  },
  {
    "name": "Diamond Shamrock",
    "location": {
      "street_address": "1310 Baptist Rd",
      "extended_address": null,
      "locality": "Colorado Springs",
      "region": "Colorado",
      "region_code": "CO",
      "postal_code": "80921",
      "country_name": "United States",
      "country_code": "US",
      "latitude": 39.057313,
      "longitude": -104.8532501
    },
    "phone_numbers": [
      {
        "phone_number": "719-481-3628",
        "phone_type": "voice",
        "dsn": false
      }
    ],
    "hours": "Open 24 hours a day.",
    "note": "Cost: $10.00 per ticket"
  },
  {
    "name": "J & Warren Shingle",
    "location": {
      "street_address": "Bldg 469",
      "extended_address": null,
      "locality": "Beale Air Force Base",
      "region": "California",
      "region_code": "CA",
      "postal_code": "95903",
      "country_name": "United States",
      "country_code": "US",
      "latitude": 39.1128865,
      "longitude": -121.4185532
    },
    "phone_numbers": [
      {
        "phone_number": "530-634-8151",
        "phone_type": "voice",
        "dsn": false
      }
    ]
  },
  {
    "name": "Cannon AFB DRMO",
    "location": {
      "street_address": "110 W St",
      "extended_address": "Bldg 215",
      "locality": "Cannon AFB",
      "region": "New Mexico",
      "region_code": "NM",
      "postal_code": "88103",
      "country_name": "United States",
      "country_code": "US",
      "latitude": 34.3996425,
      "longitude": -103.3170456
    },
    "phone_numbers": [
      {
        "phone_number": "575-784-2301",
        "phone_type": "voice",
        "dsn": false
      }
    ],
    "hours": "Monday - Friday 0730 - 1600"
  },
  {
    "name": "Pilot Travel Center",
    "location": {
      "street_address": "4091 Jimmie Dyess Pkwy",
      "extended_address": null,
      "locality": "Augusta",
      "region": "Georgia",
      "region_code": "GA",
      "postal_code": "30909",
      "country_name": "United States",
      "country_code": "US",
      "latitude": 33.4801365,
      "longitude": -82.13077
    },
    "phone_numbers": [
      {
        "phone_number": "706-860-6677",
        "phone_type": "voice",
        "dsn": false
      }
    ],
    "hours": "Open 24 hours a day."
  },
  {
    "name": "Emerado Farmers Coop Elevator",
    "location": {
      "street_address": "106 Emery Ave",
      "extended_address": null,
      "locality": "Emerado",
      "region": "North Dakota",
      "region_code": "ND",
      "postal_code": "58228",
      "country_name": "United States",
      "country_code": "US",
      "latitude": 47.918588,
      "longitude": -97.36861800000001
    },
    "phone_numbers": [
      {
        "phone_number": "701-594-8548",
        "phone_type": "voice",
        "dsn": false
      }
    ],
    "hours": "Monday - Friday 0800 - 1700",
    "note": "Cost: $5.00 per ticket"
  },
  {
    "name": "City of Saint Robert Transfer Station",
    "location": {
      "street_address": "3 JH Williamson Drive",
      "extended_address": null,
      "locality": "Saint Robert",
      "region": "Missouri",
      "region_code": "MO",
      "postal_code": "65584",
      "country_name": "United States",
      "country_code": "US",
      "latitude": 37.8169557,
      "longitude": -92.148213
    },
    "phone_numbers": [
      {
        "phone_number": "573-336-5155",
        "phone_type": "voice",
        "dsn": false
      }
    ],
    "hours": "By appointment only."
  },
  {
    "name": "Bekins Van Lines",
    "location": {
      "street_address": "299 W 64th Street",
      "extended_address": null,
      "locality": "Indianapolis",
      "region": "Indiana",
      "region_code": "IN",
      "postal_code": "46250",
      "country_name": "United States",
      "country_code": "US",
      "latitude": 39.9007887,
      "longitude": -86.05171229999999
    },
    "phone_numbers": [
      {
        "phone_number": "907-561-2333",
        "phone_type": "voice",
        "dsn": false
      }
    ],
    "hours": "By appointment only."
  },
  {
    "name": "Miller Mart #55",
    "location": {
      "street_address": "Hwy 460 & US 58",
      "extended_address": null,
      "locality": "Suffolk",
      "region": "Virginia",
      "region_code": "VA",
      "postal_code": "23434",
      "country_name": "United States",
      "country_code": "US",
      "latitude": 36.769752,
      "longitude": -76.60671669999999
    },
    "phone_numbers": [
      {
        "phone_number": "757-539-4060",
        "phone_type": "voice",
        "dsn": false
      }
    ]
  },
  {
    "name": "Love's Travel Stop",
    "location": {
      "street_address": "I-95 & SR 207 Exit 104",
      "extended_address": null,
      "locality": "Ruther Glen",
      "region": "Virginia",
      "region_code": "VA",
      "postal_code": "22546",
      "country_name": "United States",
      "country_code": "US",
      "latitude": 37.9378647,
      "longitude": -77.465908
    },
    "phone_numbers": [
      {
        "phone_number": "804-448-1222",
        "phone_type": "voice",
        "dsn": false
      }
    ]
  },
  {
    "name": "New Transit Truckstop",
    "location": {
      "street_address": "I-97 Exit 10 N, Exit 10A S",
      "extended_address": null,
      "locality": "Millersville",
      "region": "Maryland",
      "region_code": "MD",
      "postal_code": "21108",
      "country_name": "United States",
      "country_code": "US",
      "latitude": 39.10224880000001,
      "longitude": -76.6279476
    },
    "phone_numbers": [
      {
        "phone_number": "410-729-3346",
        "phone_type": "voice",
        "dsn": false
      }
    ]
  },
  {
    "name": "TA Baltimore South",
    "location": {
      "street_address": "I-95 & Route 1, Exit 41A",
      "extended_address": null,
      "locality": "Jessup",
      "region": "Maryland",
      "region_code": "MD",
      "postal_code": "20794",
      "country_name": "United States",
      "country_code": "US",
      "latitude": 39.1666617,
      "longitude": -76.78264180000001
    },
    "phone_numbers": [
      {
        "phone_number": "410-799-4161",
        "phone_type": "voice",
        "dsn": false
      }
    ]
  },
  {
    "name": "Mac Valley Oil Company",
    "location": {
      "street_address": "100 N Del Norte Blvd",
      "extended_address": null,
      "locality": "Oxnard",
      "region": "California",
      "region_code": "CA",
      "postal_code": "93030",
      "country_name": "United States",
      "country_code": "US",
      "latitude": 34.2020614,
      "longitude": -119.1268575
    },
    "phone_numbers": [
      {
        "phone_number": "805-485-6900",
        "phone_type": "voice",
        "dsn": false
      }
    ],
    "hours": "Monday - Friday 24 hours a day, Saturday 0500 - 1700, Sunday 0800 - 1700."
  },
  {
    "name": "China Lake Scale",
    "location": {
      "street_address": "1 Administration Circle",
      "extended_address": "Bldg 1023/1023",
      "locality": "Ridgecrest",
      "region": "California",
      "region_code": "CA",
      "postal_code": "93555",
      "country_name": "United States",
      "country_code": "US",
      "latitude": 35.6890073,
      "longitude": -117.6833066
    },
    "phone_numbers": [
      {
        "phone_number": "760-939-3378",
        "phone_type": "voice",
        "dsn": false
      }
    ],
    "hours": "Monday - Friday 0730 - 1400"
  },
  {
    "name": "DMO Camp Pendleton Base Scales",
    "location": {
      "street_address": "Intersection of 7th St & Vandergrift",
      "extended_address": "Bldg 2255",
      "locality": "Oceanside",
      "region": "California",
      "region_code": "CA",
      "postal_code": "92058",
      "country_name": "United States",
      "country_code": "US",
      "latitude": 33.2295467,
      "longitude": -117.3811366
    },
    "phone_numbers": [
      {
        "phone_number": "760-725-3119",
        "phone_type": "voice",
        "dsn": false
      }
    ]
  },
  {
    "name": "Pilot Travel Center",
    "location": {
      "street_address": "1555 Tommy Webb Dr",
      "extended_address": "I-59 Exit 151",
      "locality": "Meridian",
      "region": "Mississippi",
      "region_code": "MS",
      "postal_code": "39307",
      "country_name": "United States",
      "country_code": "US",
      "latitude": 32.346141,
      "longitude": -88.727746
    },
    "phone_numbers": [
      {
        "phone_number": "601-484-5106",
        "phone_type": "voice",
        "dsn": false
      }
    ]
  },
  {
    "name": "Evangelho Seed & Farm Store",
    "location": {
      "street_address": "9099 Hwy 41 & Grangeville Blvd",
      "extended_address": null,
      "locality": "Lemoore",
      "region": "California",
      "region_code": "CA",
      "postal_code": "93245",
      "country_name": "United States",
      "country_code": "US",
      "latitude": 36.341364,
      "longitude": -119.807363
    },
    "phone_numbers": [
      {
        "phone_number": "559-924-7443",
        "phone_type": "voice",
        "dsn": false
      }
    ],
    "hours": "Monday - Friday 0700 - 1700, Saturday 0800 - 1500",
    "note": "Cost: $7.00 per ticket, $8.00 for Credit/Debit"
  },
  {
    "name": "Fort McCoy Scale House",
    "location": {
      "street_address": "South 10th Ave & South B Street",
      "extended_address": "Bldg 2075",
      "locality": "Fort McCoy",
      "region": "Wisconsin",
      "region_code": "WI",
      "postal_code": "54656",
      "country_name": "United States",
      "country_code": "US",
      "latitude": 44.011236,
      "longitude": -90.718194
    },
    "phone_numbers": [
      {
        "phone_number": "608-388-3616",
        "phone_type": "voice",
        "dsn": false
      }
    ]
  },
  {
    "name": "LRC Freight Office",
    "location": {
      "street_address": "7585 Virginia Avenue",
      "extended_address": "Bldg 4374",
      "locality": "Fort Polk",
      "region": "Louisiana",
      "region_code": "LA",
      "postal_code": "71459",
      "country_name": "United States",
      "country_code": "US",
      "latitude": 31.0453279,
      "longitude": -93.4778139
    },
    "phone_numbers": [
      {
        "phone_number": "337-531-1515",
        "phone_type": "voice",
        "dsn": false
      }
    ]
  },
  {
    "name": "US Army Dugway Proving Ground Transp Div",
    "location": {
      "street_address": "Bldg 5464 Doolitle Ave",
      "extended_address": null,
      "locality": "Dugway",
      "region": "Utah",
      "region_code": "UT",
      "postal_code": "84022",
      "country_name": "United States",
      "country_code": "US",
      "latitude": 40.2173191,
      "longitude": -112.7549722
    },
    "phone_numbers": [
      {
        "phone_number": "435-831-2753",
        "phone_type": "voice",
        "dsn": false
      }
    ],
    "hours": "Monday - Thursday 0700 - 1630"
  },
  {
    "name": "Naval Base Kitsap Bremerton",
    "location": {
      "street_address": "Bldg 535 Farragut Ave",
      "extended_address": null,
      "locality": "Bremerton",
      "region": "Washington",
      "region_code": "WA",
      "postal_code": "98314",
      "country_name": "United States",
      "country_code": "US",
      "latitude": 47.5626141,
      "longitude": -122.6371702
    },
    "phone_numbers": [
      {
        "phone_number": "360-340-2651",
        "phone_type": "voice",
        "dsn": false
      }
    ],
    "hours": "Monday - Friday 0720 - 1530 (closed Wednesdays)"
  },
  {
    "name": "NAS Whidbey Island",
    "location": {
      "street_address": "Ault Field Base",
      "extended_address": "Bldg 369, Supply Warehouse",
      "locality": "Oak Harbor",
      "region": "Washington",
      "region_code": "WA",
      "postal_code": "98278",
      "country_name": "United States",
      "country_code": "US",
      "latitude": 48.3452442,
      "longitude": -122.6696851
    },
    "hours": "Monday - Friday 0730 - 2300"
  },
  {
    "name": "John Palmer M/S",
    "location": {
      "street_address": "7 Craig Rd",
      "extended_address": null,
      "locality": "Acton",
      "region": "Massachusetts",
      "region_code": "MA",
      "postal_code": "01720",
      "country_name": "United States",
      "country_code": "US",
      "latitude": 42.466471,
      "longitude": -71.417924
    },
    "phone_numbers": [
      {
        "phone_number": "978-264-4221",
        "phone_type": "voice",
        "dsn": false
      }
    ],
    "note": "Cost: $10 per ticket"
  },
  {
    "name": "Joint Base Charleston Base Scale",
    "location": {
      "street_address": "113 S. Bates St",
      "extended_address": "Bldg 178",
      "locality": "North Charleston",
      "region": "South Carolina",
      "region_code": "SC",
      "postal_code": "29404",
      "country_name": "United States",
      "country_code": "US",
      "latitude": 32.8999882,
      "longitude": -80.0572502
    },
    "phone_numbers": [
      {
        "phone_number": "843-963-4898",
        "phone_type": "voice",
        "dsn": false
      }
    ],
    "hours": "Monday - Friday 0700 - 1600",
    "note": "Cost: Free "
  },
  {
    "name": "Old Dominion Metals",
    "location": {
      "street_address": "1618 West Pembroke Ave",
      "extended_address": null,
      "locality": "Hampton",
      "region": "Virginia",
      "region_code": "VA",
      "postal_code": "23661",
      "country_name": "United States",
      "country_code": "US",
      "latitude": 37.017638,
      "longitude": -76.380787
    },
    "phone_numbers": [
      {
        "phone_number": "757-723-0757",
        "phone_type": "voice",
        "dsn": false
      }
    ],
    "urls": [
      {
        "url": "www.olddominionmetals.com"
      }
    ],
    "hours": "Monday - Friday 0800-1600, Saturday 0800-1145",
    "note": "Cost: $5.00 per ticket"
  },
  {
    "name": "Covan",
    "location": {
      "street_address": "810 Bluecrab Road",
      "extended_address": null,
      "locality": "Newport News",
      "region": "Virginia",
      "region_code": "VA",
      "postal_code": "23606",
      "country_name": "United States",
      "country_code": "US",
      "latitude": 37.0913262,
      "longitude": -76.4713914
    },
    "phone_numbers": [
      {
        "phone_number": "757-597-9536",
        "phone_type": "voice",
        "dsn": false
      }
    ],
    "hours": "Monday - Friday 0800-1630",
    "note": "Cost: $10.00 per ticket"
  },
  {
    "name": "Felice Moving & Storage",
    "location": {
      "street_address": "829 Erie Blvd West 13440",
      "extended_address": null,
      "locality": "Rome",
      "region": "New York",
      "region_code": "NY",
      "postal_code": "13440",
      "country_name": "United States",
      "country_code": "US",
      "latitude": 43.217671,
      "longitude": -75.477031
    },
    "phone_numbers": [
      {
        "phone_number": "315-337-4786",
        "phone_type": "voice",
        "dsn": false
      }
    ],
    "note": "Cost: $6.00 per ticket"
  },
  {
    "name": "Coleman American Moving and Storage",
    "location": {
      "street_address": "511 North Pike East",
      "extended_address": null,
      "locality": "Sumter",
      "region": "South Carolina",
      "region_code": "SC",
      "postal_code": "29153",
      "country_name": "United States",
      "country_code": "US",
      "latitude": 33.9403823,
      "longitude": -80.3225789
    },
    "email_addresses": [
      {
        "email_address": "sumter.sc@covan.com"
      }
    ],
    "phone_numbers": [
      {
        "phone_number": "803-773-8340",
        "phone_type": "voice",
        "dsn": false
      }
    ],
    "hours": "Monday - Friday 0800 - 1700",
    "note": "Cost: $10.00 per ticket empty, $5.00 per ticket full"
  },
  {
    "name": "Greater Dayton Moving and Storage",
    "location": {
      "street_address": "3516 Wright Way Rd",
      "extended_address": "#2",
      "locality": "Dayton",
      "region": "Ohio",
      "region_code": "OH",
      "postal_code": "45424",
      "country_name": "United States",
      "country_code": "US",
      "latitude": 39.801406,
      "longitude": -84.113433
    },
    "phone_numbers": [
      {
        "phone_number": "937-235-0011",
        "phone_type": "voice",
        "dsn": false
      }
    ],
    "hours": "Monday - Friday 0800 - 1700, Saturday 0800 - 1200",
    "note": "Cost: $10.00 per ticket"
  },
  {
    "name": "TA Willington",
    "location": {
      "street_address": "I-84 & Rte 320",
      "extended_address": "Exit 71",
      "locality": "Willington",
      "region": "Connecticut",
      "region_code": "CT",
      "postal_code": "06279",
      "country_name": "United States",
      "country_code": "US",
      "latitude": 41.9177709,
      "longitude": -72.261524
    },
    "phone_numbers": [
      {
        "phone_number": "860-684-0499",
        "phone_type": "voice",
        "dsn": false
      }
    ],
    "hours": "Open 24 Hours",
    "note": "Cost: $11.00 per ticket, $2.00 for reweigh within 24 hours"
  },
  {
    "name": "Iron Works Complex",
    "location": {
      "street_address": "63 Water St",
      "extended_address": null,
      "locality": "Fall River",
      "region": "Massachusetts",
      "region_code": "MA",
      "postal_code": "02721",
      "country_name": "United States",
      "country_code": "US",
      "latitude": 41.7038412,
      "longitude": -71.1635537
    },
    "phone_numbers": [
      {
        "phone_number": "508-675-0096",
        "phone_type": "voice",
        "dsn": false
      }
    ],
    "hours": "Monday - Saturday 0700 - 1700",
    "note": "Cost: Free to Military"
  },
  {
    "name": "Edwards AFB Scale",
    "location": {
      "street_address": "120 North Rosamond Blvd",
      "extended_address": null,
      "locality": "Edwards AFB",
      "region": "California",
      "region_code": "CA",
      "postal_code": "93524",
      "country_name": "United States",
      "country_code": "US",
      "latitude": 34.9189839,
      "longitude": -117.9091694
    },
    "email_addresses": [
      {
        "email_address": "412.LRS.LGRD.TMO@us.af.mi"
      }
    ],
    "phone_numbers": [
      {
        "phone_number": "661-277-3249",
        "phone_type": "voice",
        "dsn": false
      }
    ],
    "hours": "Monday - Friday 0700-1500",
    "note": "Cost: Free"
  },
  {
    "name": "ACME Movers & Storage",
    "location": {
      "street_address": "5030 Mattie Street",
      "extended_address": null,
      "locality": "Morehead City",
      "region": "North Carolina",
      "region_code": "NC",
      "postal_code": "28557",
      "country_name": "United States",
      "country_code": "US",
      "latitude": 34.74386,
      "longitude": -76.79446899999999
    },
    "phone_numbers": [
      {
        "phone_number": "252-726-5195",
        "phone_type": "voice",
        "dsn": false
      }
    ],
    "hours": "Monday - Friday 0800-1630",
    "note": "Cost: $10.00 per ticket"
  },
  {
    "name": "Mountain View Storage",
    "location": {
      "street_address": "650 East Highway 193",
      "extended_address": null,
      "locality": "Layton",
      "region": "Utah",
      "region_code": "UT",
      "postal_code": "84041",
      "country_name": "United States",
      "country_code": "US",
      "latitude": 41.105128,
      "longitude": -111.953916
    },
    "phone_numbers": [
      {
        "phone_number": "801-771-1434",
        "phone_type": "voice",
        "dsn": false
      }
    ],
    "note": "Cost: $12.00 per ticket"
  },
  {
    "name": "Holloman AFB Base Scale",
    "location": {
      "street_address": null,
      "extended_address": "Bldg 311",
      "locality": "Holloman Air Force Base",
      "region": "New Mexico",
      "region_code": "NM",
      "postal_code": "88330",
      "country_name": "United States",
      "country_code": "US",
      "latitude": 32.833846,
      "longitude": -106.077136
    }
  },
  {
    "name": "Luke AFB Scale",
    "location": {
      "street_address": "6504 N 142nd Ave",
      "extended_address": "Bldg 948",
      "locality": "Maricopa County",
      "region": "Arizona",
      "region_code": "AZ",
      "postal_code": "85309",
      "country_name": "United States",
      "country_code": "US",
      "latitude": 33.5414884,
      "longitude": -112.3755018
    },
    "phone_numbers": [
      {
        "phone_number": "623-856-7716",
        "phone_type": "voice",
        "dsn": false
      }
    ],
    "note": "Cost: Free"
  },
  {
    "name": "Pacific Steel & Recyling",
    "location": {
      "street_address": "1624 12th Ave N",
      "extended_address": null,
      "locality": "Great Falls",
      "region": "Montana",
      "region_code": "MT",
      "postal_code": "59401",
      "country_name": "United States",
      "country_code": "US",
      "latitude": 47.517444,
      "longitude": -111.278005
    },
    "phone_numbers": [
      {
        "phone_number": "406-791-8550",
        "phone_type": "voice",
        "dsn": false
      }
    ],
    "hours": "Monday - Friday 0800 - 1700",
    "note": "Cost: Free"
  },
  {
    "name": "Mountain Home AFB Scale",
    "location": {
      "street_address": "Aardvark Ave",
      "extended_address": "Bldg 1132",
      "locality": "Mountain Home Air Force Base",
      "region": "Idaho",
      "region_code": "ID",
      "postal_code": "83648",
      "country_name": "United States",
      "country_code": "US",
      "latitude": 43.0664594,
      "longitude": -115.8550613
    },
    "hours": "Monday - Friday 0730 - 1630",
    "note": "Cost: Free"
  },
  {
    "name": "Capitol North America Moving",
    "location": {
      "street_address": "1780 S. Mojave Rd",
      "extended_address": null,
      "locality": "North Las Vegas",
      "region": "Nevada",
      "region_code": "NV",
      "postal_code": "89104",
      "country_name": "United States",
      "country_code": "US",
      "latitude": 36.1526041,
      "longitude": -115.1067635
    },
    "phone_numbers": [
      {
        "phone_number": "702-457-5353",
        "phone_type": "voice",
        "dsn": false
      }
    ],
    "hours": "Monday - Friday 0800 - 1700"
  },
  {
    "name": "Diamond Shamrock",
    "location": {
      "street_address": "1310 Baptist Rd",
      "extended_address": null,
      "locality": "Colorado Springs",
      "region": "Colorado",
      "region_code": "CO",
      "postal_code": "80921",
      "country_name": "United States",
      "country_code": "US",
      "latitude": 39.057313,
      "longitude": -104.8532501
    },
    "phone_numbers": [
      {
        "phone_number": "719-481-3628",
        "phone_type": "voice",
        "dsn": false
      }
    ],
    "hours": "Open 24 Hours",
    "note": "Cost: $10.00 per ticket"
  },
  {
    "name": "Valley Pacific Petroleum Services",
    "location": {
      "street_address": "1155 E. Betteravia Rd",
      "extended_address": null,
      "locality": "Santa Maria",
      "region": "California",
      "region_code": "CA",
      "postal_code": "93454",
      "country_name": "United States",
      "country_code": "US",
      "latitude": 34.9242325,
      "longitude": -120.4166298
    },
    "email_addresses": [
      {
        "email_address": "art.guzman@vpps.net"
      }
    ],
    "hours": "Open 24 Hours",
    "note": "Cost: $7.00 per ticket"
  },
  {
    "name": "Lompoc Van & Storage",
    "location": {
      "street_address": "532 North 8th Street",
      "extended_address": null,
      "locality": "Lompoc",
      "region": "California",
      "region_code": "CA",
      "postal_code": "93436",
      "country_name": "United States",
      "country_code": "US",
      "latitude": 34.6463915,
      "longitude": -120.4381031
    },
    "email_addresses": [
      {
        "email_address": "timh@lincmove.com"
      }
    ],
    "phone_numbers": [
      {
        "phone_number": "805-736-2351",
        "phone_type": "voice",
        "dsn": false
      }
    ],
    "hours": "Monday - Friday 0800 - 1700",
    "note": "Cost: $10.00 per ticket"
  },
  {
    "name": "Las Cruces Moving and Storage",
    "location": {
      "street_address": "4071 Bataan Memorial West",
      "extended_address": null,
      "locality": "Las Cruces",
      "region": "New Mexico",
      "region_code": "NM",
      "postal_code": "88012",
      "country_name": "United States",
      "country_code": "US",
      "latitude": 32.3742,
      "longitude": -106.739
    },
    "phone_numbers": [
      {
        "phone_number": "575-382-9040",
        "phone_type": "voice",
        "dsn": false
      }
    ],
    "urls": [
      {
        "url": "jmdlcmoving.com"
      }
    ],
    "hours": "Monday - Friday 0800 - 1700",
    "note": "Cost: Military Rate - $5.00 per ticket empty, $10.00 per ticket full"
  },
  {
    "name": "Altus AFB Scale",
    "location": {
      "street_address": null,
      "extended_address": "Cargo Movements, Bldg 394 (Cargo Yard)",
      "locality": "Altus AFB",
      "region": "Oklahoma",
      "region_code": "OK",
      "postal_code": "73523",
      "country_name": "United States",
      "country_code": "US",
      "latitude": 34.6514592,
      "longitude": -99.3027606
    },
    "phone_numbers": [
      {
        "phone_number": "580-481-7383",
        "phone_type": "voice",
        "dsn": false
      }
    ],
    "hours": "Monday - Friday 0900 - 1100, 1300 - 1500"
  },
  {
    "name": "Columbus AFB",
    "location": {
      "street_address": null,
      "extended_address": "Bldg 152",
      "locality": "Columbus Air Force Base",
      "region": "Mississippi",
      "region_code": "MS",
      "postal_code": "39710",
      "country_name": "United States",
      "country_code": "US",
      "latitude": 33.6356982,
      "longitude": -88.4355422
    },
    "phone_numbers": [
      {
        "phone_number": "662-434-2505",
        "phone_type": "voice",
        "dsn": false
      }
    ]
  },
  {
    "name": "Abilene Public Scales",
    "location": {
      "street_address": "33833 Pine St",
      "extended_address": null,
      "locality": "Abilene",
      "region": "Texas",
      "region_code": "TX",
      "postal_code": "79601",
      "country_name": "United States",
      "country_code": "US",
      "latitude": 32.4973017,
      "longitude": -99.7310387
    },
    "phone_numbers": [
      {
        "phone_number": "325-677-2111",
        "phone_type": "voice",
        "dsn": false
      }
    ],
    "note": "Cost: $5.00 per ticket"
  },
  {
    "name": "Vulcan Materials",
    "location": {
      "street_address": "157 N John Sims Parkway",
      "extended_address": null,
      "locality": "Valparaiso",
      "region": "Florida",
      "region_code": "FL",
      "postal_code": "32580",
      "country_name": "United States",
      "country_code": "US",
      "latitude": 30.5176,
      "longitude": -86.49719999999999
    },
    "phone_numbers": [
      {
        "phone_number": "850-951-0561",
        "phone_type": "voice",
        "dsn": false
      }
    ],
    "hours": "Monday - Friday 0700-1500",
    "note": "Cost: $5.00 per ticket"
  },
  {
    "name": "Palmer Feed & Supply",
    "location": {
      "street_address": "316 Martin Luther King Blvd",
      "extended_address": null,
      "locality": "San Angelo",
      "region": "Texas",
      "region_code": "TX",
      "postal_code": "76903",
      "country_name": "United States",
      "country_code": "US",
      "latitude": 31.4654711,
      "longitude": -100.4434567
    },
    "phone_numbers": [
      {
        "phone_number": "325-655-7111",
        "phone_type": "voice",
        "dsn": false
      }
    ],
    "hours": "Monday - Friday 0800 - 1700, Saturday 0730 - 1200",
    "note": "Cost: $10.00 per ticket"
  },
  {
    "name": "Love's Travel Stop",
    "location": {
      "street_address": "11332 Cedar Lake Rd",
      "extended_address": "(1-10 Exit 44)",
      "locality": "Biloxi",
      "region": "Mississippi",
      "region_code": "MS",
      "postal_code": "39532",
      "country_name": "United States",
      "country_code": "US",
      "latitude": 30.4521115,
      "longitude": -88.9332891
    },
    "phone_numbers": [
      {
        "phone_number": "228-396-5646",
        "phone_type": "voice",
        "dsn": false
      }
    ],
    "urls": [
      {
        "url": "myloves402.com"
      }
    ],
    "hours": "Open 24 Hours",
    "note": "Cost: $11.00 per ticket"
  },
  {
    "name": "Little Rock AFB Scale",
    "location": {
      "street_address": "1572 Lachmund Dr",
      "extended_address": "Bldg 1572",
      "locality": "Jacksonville",
      "region": "Arkansas",
      "region_code": "AR",
      "postal_code": "72099",
      "country_name": "United States",
      "country_code": "US",
      "latitude": 34.887991,
      "longitude": -92.10999699999999
    },
    "note": "Cost: $5.00 per ticket"
  },
  {
    "name": "MacDill AFB Scale",
    "location": {
      "street_address": "8307 Cypress Stand Dr",
      "extended_address": null,
      "locality": "Tampa",
      "region": "Florida",
      "region_code": "FL",
      "postal_code": "33621",
      "country_name": "United States",
      "country_code": "US",
      "latitude": 27.8642367,
      "longitude": -82.49758229999999
    },
    "email_addresses": [
      {
        "email_address": "TMO1@us.af.mil"
      }
    ],
    "phone_numbers": [
      {
        "phone_number": "813-828-2600",
        "phone_type": "voice",
        "dsn": false
      }
    ],
    "note": "Cost: Free"
  },
  {
    "name": "Sorenson Moving & Storage",
    "location": {
      "street_address": "950 West Eau Gallie Blvd",
      "extended_address": null,
      "locality": "Melbourne",
      "region": "Florida",
      "region_code": "FL",
      "postal_code": "32935",
      "country_name": "United States",
      "country_code": "US",
      "latitude": 28.1299913,
      "longitude": -80.6344136
    },
    "phone_numbers": [
      {
        "phone_number": "321-254-2770",
        "phone_type": "voice",
        "dsn": false
      }
    ],
    "hours": "Monday - Friday 0800 - 1700, Saturday 0800 - 1200",
    "note": "Cost: $10.00 per ticket"
  },
  {
    "name": "Steinbeck Early Monterey Cooling",
    "location": {
      "street_address": "20 Harris Pl",
      "extended_address": null,
      "locality": "Salinas",
      "region": "California",
      "region_code": "CA",
      "postal_code": "93901",
      "country_name": "United States",
      "country_code": "US",
      "latitude": 36.640789,
      "longitude": -121.6136159
    },
    "phone_numbers": [
      {
        "phone_number": "831-424-6711",
        "phone_type": "voice",
        "dsn": false
      }
    ],
    "note": "Cost: Free"
  },
  {
    "name": "Dugway Proving Ground Scale",
    "location": {
      "street_address": "Dugway Proving Ground",
      "extended_address": null,
      "locality": "Dugway",
      "region": "Utah",
      "region_code": "UT",
      "postal_code": "84022",
      "country_name": "United States",
      "country_code": "US",
      "latitude": 40.225282,
      "longitude": -112.742049
    },
    "hours": "Monday - Thursday 0700 - 1630"
  },
  {
    "name": "MCAS Beaufort Scale",
    "location": {
      "street_address": "612 Drayton Street",
      "extended_address": "Behind Bldg 612 at DMRO warehouse",
      "locality": "Beaufort",
      "region": "South Carolina",
      "region_code": "SC",
      "postal_code": "29904",
      "country_name": "United States",
      "country_code": "US",
      "latitude": 32.4755067,
      "longitude": -80.7146338
    }
  },
  {
    "name": "Camp Lejeune Scale",
    "location": {
      "street_address": "Lot 201, DMO Base Scale",
      "extended_address": null,
      "locality": "Camp Lejeune",
      "region": "North Carolina",
      "region_code": "NC",
      "postal_code": "28544",
      "country_name": "United States",
      "country_code": "US",
      "latitude": 34.6895813,
      "longitude": -77.3286968
    },
    "phone_numbers": [
      {
        "phone_number": "910-450-7538",
        "phone_type": "voice",
        "dsn": false
      }
    ],
    "hours": "Monday - Friday 0630 - 1600"
  },
  {
    "name": "Fort Belvoir Recycling Center",
    "location": {
      "street_address": "12th Street",
      "extended_address": "Bldg 1089",
      "locality": "Fort Belvoir",
      "region": "Virginia",
      "region_code": "VA",
      "postal_code": "22060",
      "country_name": "United States",
      "country_code": "US",
      "latitude": 38.6974936,
      "longitude": -77.1466284
    },
    "phone_numbers": [
      {
        "phone_number": "703-806-0061",
        "phone_type": "voice",
        "dsn": false
      }
    ],
    "hours": "Monday - Friday 0700 - 1600"
  },
  {
    "name": "Aberdeen Proving Ground Scale",
    "location": {
      "street_address": "5005 Boothby Hill Rd",
      "extended_address": "USAG Bldg",
      "locality": "Aberdeen Proving Ground",
      "region": "Maryland",
      "region_code": "MD",
      "postal_code": "21005",
      "country_name": "United States",
      "country_code": "US",
      "latitude": 39.4818459,
      "longitude": -76.1451266
    },
    "phone_numbers": [
      {
        "phone_number": "410-278-3693 or 410-306-1164",
        "phone_type": "voice",
        "dsn": false
      }
    ],
    "hours": "Monday - Friday",
    "note": "Call for appointment"
  },
  {
    "name": "Eagle Van Lines",
    "location": {
      "street_address": "5041 Beech Place",
      "extended_address": null,
      "locality": "Temple Hills",
      "region": "Maryland",
      "region_code": "MD",
      "postal_code": "20748",
      "country_name": "United States",
      "country_code": "US",
      "latitude": 38.820685,
      "longitude": -76.939949
    },
    "phone_numbers": [
      {
        "phone_number": "1-800-473-4080",
        "phone_type": "voice",
        "dsn": false
      }
    ],
    "urls": [
      {
        "url": "www.eaglevanlines.com"
      }
    ]
  },
  {
    "name": "Ft. Meade DRMO Scale",
    "location": {
      "street_address": "77 Rock Ave",
      "extended_address": null,
      "locality": "Ft. Meade",
      "region": "Maryland",
      "region_code": "MD",
      "postal_code": "20755",
      "country_name": "United States",
      "country_code": "US",
      "latitude": 39.0901927,
      "longitude": -76.7367294
    }
  },
  {
    "name": "River City Movers",
    "location": {
      "street_address": "2220 Fort Campbell Blvd",
      "extended_address": null,
      "locality": "Clarksville",
      "region": "Tennessee",
      "region_code": "TN",
      "postal_code": "37042",
      "country_name": "United States",
      "country_code": "US",
      "latitude": 36.6061318,
      "longitude": -87.4266
    },
    "phone_numbers": [
      {
        "phone_number": "931-635-4475",
        "phone_type": "voice",
        "dsn": false
      }
    ],
    "hours": "Monday - Friday 0800 - 1600",
    "note": "Cost: $5.00 per ticket (Cash or Check Only)"
  },
  {
    "name": "Marine Corps Base Quantico Scale",
    "location": {
      "street_address": "2009 Zeilin Road",
      "extended_address": null,
      "locality": "Quantico",
      "region": "Virginia",
      "region_code": "VA",
      "postal_code": "22134",
      "country_name": "United States",
      "country_code": "US",
      "latitude": 38.5145924,
      "longitude": -77.3046126
    }
  },
  {
    "name": "Fort Lee Scale",
    "location": {
      "street_address": "1900 Warehouse Road",
      "extended_address": "Logistics Readiness Center (On Post)",
      "locality": "Fort Lee",
      "region": "Virginia",
      "region_code": "VA",
      "postal_code": "23801",
      "country_name": "United States",
      "country_code": "US",
      "latitude": 37.2459508,
      "longitude": -77.3487759
    },
    "phone_numbers": [
      {
        "phone_number": "804-734-7275 or 804-734-4190",
        "phone_type": "voice",
        "dsn": false
      }
    ],
    "hours": "By Appointment Only",
    "note": "Cost: Free"
  },
  {
    "name": "Commercial Waste & Recycling, LLC",
    "location": {
      "street_address": "5900 Coliseum Way",
      "extended_address": null,
      "locality": "Oakland",
      "region": "California",
      "region_code": "CA",
      "postal_code": "94621",
      "country_name": "United States",
      "country_code": "US",
      "latitude": 37.757202,
      "longitude": -122.206056
    },
    "email_addresses": [
      {
        "email_address": "info@beegreen.green"
      }
    ],
    "phone_numbers": [
      {
        "phone_number": "510-636-0852",
        "phone_type": "voice",
        "dsn": false
      }
    ],
    "hours": "Monday - Friday 0600 - 1800, Saturday 0730 - 1630",
    "note": "Cost: $10.00 per ticket"
  },
  {
    "name": "Blue Beacon Truck Wash #42",
    "location": {
      "street_address": "1240 Harrisburg Pike",
      "extended_address": null,
      "locality": "Carlisle",
      "region": "Pennsylvania",
      "region_code": "PA",
      "postal_code": "17013",
      "country_name": "United States",
      "country_code": "US",
      "latitude": 40.2352399,
      "longitude": -77.13557910000002
    },
    "phone_numbers": [
      {
        "phone_number": "717-218-5067",
        "phone_type": "voice",
        "dsn": false
      }
    ],
    "hours": "Open 24 Hours",
    "note": "Cost: $10.00 per ticket, $2.00 for reweigh within 24 hours"
  },
  {
    "name": "Lile International",
    "location": {
      "street_address": "10610 32nd Ave SW",
      "extended_address": null,
      "locality": "Lakewood",
      "region": "Washington",
      "region_code": "WA",
      "postal_code": "98499",
      "country_name": "United States",
      "country_code": "US",
      "latitude": 47.1609352,
      "longitude": -122.4795392
    },
    "email_addresses": [
      {
        "email_address": "LIT@lile.net"
      }
    ],
    "phone_numbers": [
      {
        "phone_number": "253-582-2222",
        "phone_type": "voice",
        "dsn": false
      }
    ],
    "hours": "Monday - Friday 0700 - 1700",
    "note": "Cost: $5.00 per ticket"
  },
  {
    "name": "Shell Travel Center",
    "location": {
      "street_address": "321 E. Chestnut St",
      "extended_address": null,
      "locality": "Junction City",
      "region": "Kansas",
      "region_code": "KS",
      "postal_code": "66441",
      "country_name": "United States",
      "country_code": "US",
      "latitude": 39.0207491,
      "longitude": -96.81798309999999
    },
    "phone_numbers": [
      {
        "phone_number": "785-238-7722",
        "phone_type": "voice",
        "dsn": false
      }
    ],
    "hours": "Open 24 Hours"
  },
  {
    "name": "Coleman American (Covan)",
    "location": {
      "street_address": "3401 E Andrews Ave",
      "extended_address": null,
      "locality": "Ozark",
      "region": "Alabama",
      "region_code": "AL",
      "postal_code": "36360",
      "country_name": "United States",
      "country_code": "US",
      "latitude": 31.4480188,
      "longitude": -85.6602062
    },
    "phone_numbers": [
      {
        "phone_number": "332-774-5195",
        "phone_type": "voice",
        "dsn": false
      }
    ]
  },
  {
    "name": "H Moving & Storage",
    "location": {
      "street_address": "5307 Veterans Memorial Blvd",
      "extended_address": "(E. Bus Hwy 190)",
      "locality": "Killeen",
      "region": "Texas",
      "region_code": "TX",
      "postal_code": "76543",
      "country_name": "United States",
      "country_code": "US",
      "latitude": 31.0959886,
      "longitude": -97.6870314
    },
    "phone_numbers": [
      {
        "phone_number": "254-699-4116",
        "phone_type": "voice",
        "dsn": false
      }
    ],
    "hours": "Monday - Friday 0700 - 1700",
    "note": "Cost: $8.00 per ticket"
  },
  {
    "name": "Studdard Moving Storage",
    "location": {
      "street_address": "201 Commercial St",
      "extended_address": "(alongside Zeck Ford)",
      "locality": "Leavenworth",
      "region": "Kansas",
      "region_code": "KS",
      "postal_code": "66048",
      "country_name": "United States",
      "country_code": "US",
      "latitude": 39.271571,
      "longitude": -94.89549799999999
    },
    "phone_numbers": [
      {
        "phone_number": "913-727-3627",
        "phone_type": "voice",
        "dsn": false
      }
    ],
    "hours": "Monday - Friday 0730 - 1700, Saturday - Call for availability",
    "note": "Cost: $5.00 per ticket"
  },
  {
    "name": "Loves Travel Center",
    "location": {
      "street_address": "2931 E Gila Ridge Rd",
      "extended_address": null,
      "locality": "Yuma",
      "region": "Arizona",
      "region_code": "AZ",
      "postal_code": "85365",
      "country_name": "United States",
      "country_code": "US",
      "latitude": 32.6862526,
      "longitude": -114.5827903
    },
    "phone_numbers": [
      {
        "phone_number": "928-341-9100",
        "phone_type": "voice",
        "dsn": false
      }
    ],
    "hours": "Open 24 Hours",
    "note": "Cost: $11.00 per ticket"
  },
  {
    "name": "Liberty Moving & Storage Certified Scale",
    "location": {
      "street_address": "350 Moreland Road",
      "extended_address": null,
      "locality": "Commack",
      "region": "New York",
      "region_code": "NY",
      "postal_code": "11725",
      "country_name": "United States",
      "country_code": "US",
      "latitude": 40.815287,
      "longitude": -73.270697
    },
    "phone_numbers": [
      {
        "phone_number": "631-234-3000",
        "phone_type": "voice",
        "dsn": false
      }
    ],
    "hours": "Monday - Friday 0800 - 1600",
    "note": "Cost: $15.00 per ticket"
  },
  {
    "name": "Tennessee Valley Recycling",
    "location": {
      "street_address": "606 Triana Blvd",
      "extended_address": null,
      "locality": "Huntsville",
      "region": "Alabama",
      "region_code": "AL",
      "postal_code": "35805",
      "country_name": "United States",
      "country_code": "US",
      "latitude": 34.7271144,
      "longitude": -86.6095682
    },
    "email_addresses": [
      {
        "email_address": "huntsvilletvr@llc.com"
      }
    ],
    "phone_numbers": [
      {
        "phone_number": "256-539-0770",
        "phone_type": "voice",
        "dsn": false
      }
    ],
    "hours": "Monday - Friday 0800 - 1500, Saturday 0800 - 1130",
    "note": "Cost: $10.00 per ticket"
  },
  {
    "name": "Stevens Van Lines Inc",
    "location": {
      "street_address": "3663 Elizabeth Lake Rd",
      "extended_address": null,
      "locality": "Waterford Township",
      "region": "Michigan",
      "region_code": "MI",
      "postal_code": "48328",
      "country_name": "United States",
      "country_code": "US",
      "latitude": 42.637684,
      "longitude": -83.357925
    },
    "phone_numbers": [
      {
        "phone_number": "248-681-0601",
        "phone_type": "voice",
        "dsn": false
      }
    ],
    "hours": "Monday - Friday 0800-1630, Call for Saturday Appointments"
  },
  {
    "name": "Pioneer Sand Company",
    "location": {
      "street_address": "5000 Northpark Drive",
      "extended_address": null,
      "locality": "Colorado Springs",
      "region": "Colorado",
      "region_code": "CO",
      "postal_code": "80918",
      "country_name": "United States",
      "country_code": "US",
      "latitude": 38.9047347,
      "longitude": -104.8255683
    },
    "phone_numbers": [
      {
        "phone_number": "719-725-6550",
        "phone_type": "voice",
        "dsn": false
      }
    ],
    "hours": "Monday - Friday 0700 - 1700",
    "note": "Cost: $10.00 per ticket"
  },
  {
    "name": "Bekins Moving Solutions",
    "location": {
      "street_address": "106 B Highway, 117 South",
      "extended_address": null,
      "locality": "Goldsboro",
      "region": "North Carolina",
      "region_code": "NC",
      "postal_code": "27530",
      "country_name": "United States",
      "country_code": "US",
      "latitude": 35.3857079,
      "longitude": -78.0109707
    },
    "phone_numbers": [
      {
        "phone_number": "919-289-8301",
        "phone_type": "voice",
        "dsn": false
      }
    ]
  },
  {
    "name": "Ready Roast Nut Company",
    "location": {
      "street_address": "42593 US Highway 70",
      "extended_address": null,
      "locality": "Portales",
      "region": "New Mexico",
      "region_code": "NM",
      "postal_code": "88130",
      "country_name": "United States",
      "country_code": "US",
      "latitude": 34.2135839,
      "longitude": -103.3039411
    },
    "phone_numbers": [
      {
        "phone_number": "575-356-6638",
        "phone_type": "voice",
        "dsn": false
      }
    ],
    "hours": "Monday - Friday 0700 - 1600"
  },
  {
    "name": "Pilot Travel Center",
    "location": {
      "street_address": "570 E Travel Plaza Way",
      "extended_address": "(I-10 & Exit 268)",
      "locality": "Tucson",
      "region": "Arizona",
      "region_code": "AZ",
      "postal_code": "85756",
      "country_name": "United States",
      "country_code": "US",
      "latitude": 32.1258691,
      "longitude": -110.8740623
    },
    "phone_numbers": [
      {
        "phone_number": "520-663-3438",
        "phone_type": "voice",
        "dsn": false
      }
    ],
    "hours": "Open 24 Hours",
    "note": "Cost: $11.00 per ticket"
  },
  {
    "name": "T&G Construction",
    "location": {
      "street_address": "800 SE 1st Street",
      "extended_address": null,
      "locality": "Lawton",
      "region": "Oklahoma",
      "region_code": "OK",
      "postal_code": "73501",
      "country_name": "United States",
      "country_code": "US",
      "latitude": 34.600395,
      "longitude": -98.386177
    },
    "phone_numbers": [
      {
        "phone_number": "580-248-4430",
        "phone_type": "voice",
        "dsn": false
      }
    ],
    "hours": "Monday - Friday 0700 - 1700",
    "note": "Cost: $12.00 per ticket (cash or check only)"
  },
  {
    "name": "Daniels Moving & Storage",
    "location": {
      "street_address": "7716 E. Osie St",
      "extended_address": null,
      "locality": "Wichita",
      "region": "Kansas",
      "region_code": "KS",
      "postal_code": "67207",
      "country_name": "United States",
      "country_code": "US",
      "latitude": 37.663171,
      "longitude": -97.24795499999999
    },
    "phone_numbers": [
      {
        "phone_number": "316-681-3069",
        "phone_type": "voice",
        "dsn": false
      }
    ],
    "hours": "Monday - Friday 0800 - 1700",
    "note": "Cost: $10.00 per ticket"
  },
  {
    "name": "Road Ranger",
    "location": {
      "street_address": "22345 Hwy 28",
      "extended_address": null,
      "locality": "Saint Robert",
      "region": "Missouri",
      "region_code": "MO",
      "postal_code": "65584",
      "country_name": "United States",
      "country_code": "US",
      "latitude": 37.8360178,
      "longitude": -92.0995621
    },
    "phone_numbers": [
      {
        "phone_number": "815-315-4953",
        "phone_type": "voice",
        "dsn": false
      }
    ],
    "hours": "Open 24 Hours"
  },
  {
    "name": "World Wide Movers",
    "location": {
      "street_address": "7120 Hart St",
      "extended_address": null,
      "locality": "Anchorage",
      "region": "Alaska",
      "region_code": "AK",
      "postal_code": "99509",
      "country_name": "United States",
      "country_code": "US",
      "latitude": 61.1560023,
      "longitude": -149.8903908
    },
    "phone_numbers": [
      {
        "phone_number": "907-349-2581",
        "phone_type": "voice",
        "dsn": false
      }
    ],
    "note": "Contact for appointment hours and price of weight tickets"
  },
  {
    "name": "J&J Recyling",
    "location": {
      "street_address": "1641 Richmond Terrace",
      "extended_address": null,
      "locality": "Staten Island",
      "region": "New York",
      "region_code": "NY",
      "postal_code": "10310",
      "country_name": "United States",
      "country_code": "US",
      "latitude": 40.640167,
      "longitude": -74.121758
    },
    "phone_numbers": [
      {
        "phone_number": "718-273-3000",
        "phone_type": "voice",
        "dsn": false
      }
    ]
  },
  {
    "name": "Granite Bluff Landfill",
    "location": {
      "street_address": "7589 River Rd",
      "extended_address": null,
      "locality": "Columbus",
      "region": "Georgia",
      "region_code": "GA",
      "postal_code": "31904",
      "country_name": "United States",
      "country_code": "US",
      "latitude": 32.5566055,
      "longitude": -85.0059035
    },
    "phone_numbers": [
      {
        "phone_number": "706-660-0941",
        "phone_type": "voice",
        "dsn": false
      }
    ],
    "note": "Cost: Free"
  },
  {
    "name": "Rennaissance / Pinnacle Moving and Storage",
    "location": {
      "street_address": "26206 NYS Route 37",
      "extended_address": null,
      "locality": "Watertown",
      "region": "New York",
      "region_code": "NY",
      "postal_code": "13601",
      "country_name": "United States",
      "country_code": "US",
      "latitude": 44.04726,
      "longitude": -75.900665
    },
    "phone_numbers": [
      {
        "phone_number": "315-788-2770 or 315-788-8910",
        "phone_type": "voice",
        "dsn": false
      }
    ]
  },
  {
    "name": "Harbor Truck Stop",
    "location": {
      "street_address": "2130 W Pacific Coast Hwy",
      "extended_address": null,
      "locality": "Long Beach",
      "region": "California",
      "region_code": "CA",
      "postal_code": "90810",
      "country_name": "United States",
      "country_code": "US",
      "latitude": 33.78920069999999,
      "longitude": -118.2205991
    },
    "phone_numbers": [
      {
        "phone_number": "562-436-1313",
        "phone_type": "voice",
        "dsn": false
      }
    ],
    "hours": "Open 24 Hours"
  },
  {
    "name": "Belleville Recycling",
    "location": {
      "street_address": "501 Hecker St",
      "extended_address": null,
      "locality": "Belleville",
      "region": "Illinois",
      "region_code": "IL",
      "postal_code": "62221",
      "country_name": "United States",
      "country_code": "US",
      "latitude": 38.5218275,
      "longitude": -89.971114
    },
    "phone_numbers": [
      {
        "phone_number": "618-233-2425",
        "phone_type": "voice",
        "dsn": false
      }
    ],
    "hours": "Monday - Friday 0800 - 1630, Saturday 0800 - 1200",
    "note": "Cost: $3.50 per ticket"
  },
  {
    "name": "TA Truck Service",
    "location": {
      "street_address": "2501 University Blvd NE",
      "extended_address": null,
      "locality": "Albuquerque",
      "region": "New Mexico",
      "region_code": "NM",
      "postal_code": "87107",
      "country_name": "United States",
      "country_code": "US",
      "latitude": 35.1110075,
      "longitude": -106.6247061
    },
    "phone_numbers": [
      {
        "phone_number": "505-884-1066",
        "phone_type": "voice",
        "dsn": false
      }
    ],
    "hours": "Open 24 Hours",
    "note": "Cost: $8.50 per ticket, $1.00 per ticket for reweigh"
  },
  {
    "name": "Hill Moving Services",
    "location": {
      "street_address": "26394 Pioneer Way NW",
      "extended_address": null,
      "locality": "Poulsbo",
      "region": "Washington",
      "region_code": "WA",
      "postal_code": "98370",
      "country_name": "United States",
      "country_code": "US",
      "latitude": 47.801005,
      "longitude": -122.6519553
    },
    "phone_numbers": [
      {
        "phone_number": "360-697-3969",
        "phone_type": "voice",
        "dsn": false
      }
    ],
    "hours": "Monday - Friday 0700 - 1630",
    "note": "Cost: $10.00 per ticket (cash only)"
  },
  {
    "name": "Alter Trucking & Terminal Corporation",
    "location": {
      "street_address": "700 Mill St",
      "extended_address": "(7th Ave & Mill St)",
      "locality": "Rock Island",
      "region": "Illinois",
      "region_code": "IL",
      "postal_code": "61201",
      "country_name": "United States",
      "country_code": "US",
      "latitude": 41.5013306,
      "longitude": -90.59732090000001
    },
    "phone_numbers": [
      {
        "phone_number": "309-788-7683",
        "phone_type": "voice",
        "dsn": false
      }
    ]
  },
  {
    "name": "Kangaroo Express",
    "location": {
      "street_address": "7950 Pensacola Blvd",
      "extended_address": null,
      "locality": "Pensacola",
      "region": "Florida",
      "region_code": "FL",
      "postal_code": "32534",
      "country_name": "United States",
      "country_code": "US",
      "latitude": 30.510915,
      "longitude": -87.269227
    },
    "phone_numbers": [
      {
        "phone_number": "850-471-9854",
        "phone_type": "voice",
        "dsn": false
      }
    ],
    "hours": "Open 24 Hours",
    "note": "Cost: $11.00 per ticket, $2.00 per a ticket (for reweighs within 24 hours)"
  },
  {
    "name": "Suddath Company",
    "location": {
      "street_address": "8743 Western Way",
      "extended_address": null,
      "locality": "Jacksonville",
      "region": "Florida",
      "region_code": "FL",
      "postal_code": "32256",
      "country_name": "United States",
      "country_code": "US",
      "latitude": 30.2102003,
      "longitude": -81.561844
    },
    "phone_numbers": [
      {
        "phone_number": "904-256-5540",
        "phone_type": "voice",
        "dsn": false
      }
    ]
  },
  {
    "name": "Corpus Christi Truck Stop",
    "location": {
      "street_address": "1302 Navigation Blvd",
      "extended_address": null,
      "locality": "Corpus Christi",
      "region": "Texas",
      "region_code": "TX",
      "postal_code": "78407",
      "country_name": "United States",
      "country_code": "US",
      "latitude": 27.8100628,
      "longitude": -97.4532215
    },
    "phone_numbers": [
      {
        "phone_number": "361-883-0802",
        "phone_type": "voice",
        "dsn": false
      }
    ],
    "hours": "Open 24 Hours"
  },
  {
    "name": "Shell Travel Center",
    "location": {
      "street_address": "3965 TN Hwy 59",
      "extended_address": "(exit 35 on I-40)",
      "locality": "Mason",
      "region": "Tennessee",
      "region_code": "TN",
      "postal_code": "38049",
      "country_name": "United States",
      "country_code": "US",
      "latitude": 35.3473398,
      "longitude": -89.51613859999999
    },
    "phone_numbers": [
      {
        "phone_number": "901-594-5103",
        "phone_type": "voice",
        "dsn": false
      }
    ],
    "hours": "Open 24 Hours",
    "note": "Cost: $11.00 per ticket"
  },
  {
    "name": "Flying J Truck Stop",
    "location": {
      "street_address": "9351 Canal Rd",
      "extended_address": null,
      "locality": "Gulfport",
      "region": "Mississippi",
      "region_code": "MS",
      "postal_code": "39503",
      "country_name": "United States",
      "country_code": "US",
      "latitude": 30.4212936,
      "longitude": -89.13789849999999
    },
    "phone_numbers": [
      {
        "phone_number": "228-868-2711",
        "phone_type": "voice",
        "dsn": false
      }
    ]
  },
  {
    "name": "Quick Recovery Auto",
    "location": {
      "street_address": "511 Engineers Rd",
      "extended_address": null,
      "locality": "Belle Chasse",
      "region": "Louisiana",
      "region_code": "LA",
      "postal_code": "70037",
      "country_name": "United States",
      "country_code": "US",
      "latitude": 29.869587,
      "longitude": -90.0131162
    },
    "phone_numbers": [
      {
        "phone_number": "504-392-3493",
        "phone_type": "voice",
        "dsn": false
      }
    ],
    "hours": "Monday - Friday 0800 - 1700",
    "note": "Cost: $10.00 per ticket, (Cash Only)"
  },
  {
    "name": "Huck Salt & Sons",
    "location": {
      "street_address": "5033 Austin Hwy",
      "extended_address": null,
      "locality": "Fallon",
      "region": "Nevada",
      "region_code": "NV",
      "postal_code": "89406",
      "country_name": "United States",
      "country_code": "US",
      "latitude": 39.473738,
      "longitude": -118.684122
    },
    "phone_numbers": [
      {
        "phone_number": "775-423-2055",
        "phone_type": "voice",
        "dsn": false
      }
    ],
    "hours": "Monday - Friday 0800 - 1400"
  },
  {
    "name": "Coastal Metals",
    "location": {
      "street_address": "1023 East 15th Street",
      "extended_address": null,
      "locality": "Panama City",
      "region": "Florida",
      "region_code": "FL",
      "postal_code": "32405",
      "country_name": "United States",
      "country_code": "US",
      "latitude": 30.1753294,
      "longitude": -85.6454655
    },
    "phone_numbers": [
      {
        "phone_number": "850-785-0267",
        "phone_type": "voice",
        "dsn": false
      }
    ],
    "hours": "Monday - Friday 0800 - 1600"
  },
  {
    "name": "Love's Travel Stop",
    "location": {
      "street_address": "2307 S St",
      "extended_address": "(Hwy 58 & Exit 258)",
      "locality": "Franklin",
      "region": "Virginia",
      "region_code": "VA",
      "postal_code": "23851",
      "country_name": "United States",
      "country_code": "US",
      "latitude": 36.6621738,
      "longitude": -76.9392103
    },
    "phone_numbers": [
      {
        "phone_number": "757-516-2606",
        "phone_type": "voice",
        "dsn": false
      }
    ]
  },
  {
    "name": "Flying J Travel Plaza",
    "location": {
      "street_address": "23866 Rogers Clark Blvd",
      "extended_address": "(I-95 & Exit 104)",
      "locality": "Ruther Glen",
      "region": "Virginia",
      "region_code": "VA",
      "postal_code": "22546",
      "country_name": "United States",
      "country_code": "US",
      "latitude": 37.9334194,
      "longitude": -77.4722139
    },
    "phone_numbers": [
      {
        "phone_number": "804-448-3210",
        "phone_type": "voice",
        "dsn": false
      }
    ]
  },
  {
    "name": "Travel Centers of America",
    "location": {
      "street_address": "5501 O'Donnell Street",
      "extended_address": "(I-95 & Exit 57)",
      "locality": "Baltimore",
      "region": "Maryland",
      "region_code": "MD",
      "postal_code": "21224",
      "country_name": "United States",
      "country_code": "US",
      "latitude": 39.2773231,
      "longitude": -76.5487255
    },
    "phone_numbers": [
      {
        "phone_number": "410-633-9410",
        "phone_type": "voice",
        "dsn": false
      }
    ],
    "hours": "Open 24 Hours"
  },
  {
    "name": "New Transit Truckstop",
    "location": {
      "street_address": "8400 Veterans Hwy",
      "extended_address": "(I-97 Exit 10N, Exit 10A S)",
      "locality": "Millersville",
      "region": "Maryland",
      "region_code": "MD",
      "postal_code": "21108",
      "country_name": "United States",
      "country_code": "US",
      "latitude": 39.10224880000001,
      "longitude": -76.6279476
    },
    "phone_numbers": [
      {
        "phone_number": "410-729-3346",
        "phone_type": "voice",
        "dsn": false
      }
    ]
  },
  {
    "name": "Dave's Truck Stop",
    "location": {
      "street_address": "2929 Sherwin Ave",
      "extended_address": null,
      "locality": "Ventura",
      "region": "California",
      "region_code": "CA",
      "postal_code": "93005",
      "country_name": "United States",
      "country_code": "US",
      "latitude": 34.2478322,
      "longitude": -119.1985257
    },
    "phone_numbers": [
      {
        "phone_number": "805-642-1514",
        "phone_type": "voice",
        "dsn": false
      }
    ],
    "hours": "Monday - Friday 0800 - 1900, Saturday 0900-1300"
  },
  {
    "name": "TLC Moving, Inc",
    "location": {
      "street_address": "51 W Fry Blvd",
      "extended_address": null,
      "locality": "Sierra Vista",
      "region": "Arizona",
      "region_code": "AZ",
      "postal_code": "85635",
      "country_name": "United States",
      "country_code": "US",
      "latitude": 31.5548272,
      "longitude": -110.3004083
    },
    "phone_numbers": [
      {
        "phone_number": "520-452-0423",
        "phone_type": "voice",
        "dsn": false
      }
    ],
    "hours": "Monday - Friday 0800 - 1600",
    "note": "Cost: Varies from $15.00- $20.00 (will accept cash or card)"
  },
  {
    "name": "San Diego Van & Storage",
    "location": {
      "street_address": "9320 Miramar Rd",
      "extended_address": null,
      "locality": "San Diego",
      "region": "California",
      "region_code": "CA",
      "postal_code": "92126",
      "country_name": "United States",
      "country_code": "US",
      "latitude": 32.8941094,
      "longitude": -117.1261699
    },
    "phone_numbers": [
      {
        "phone_number": "858-578-2000",
        "phone_type": "voice",
        "dsn": false
      }
    ]
  },
  {
    "name": "TA Meridian",
    "location": {
      "street_address": "2150 Russell Mt Gilead Rd",
      "extended_address": null,
      "locality": "Meridian",
      "region": "Mississippi",
      "region_code": "MS",
      "postal_code": "39301",
      "country_name": "United States",
      "country_code": "US",
      "latitude": 32.3964568,
      "longitude": -88.5828683
    },
    "phone_numbers": [
      {
        "phone_number": "601-483-7611",
        "phone_type": "voice",
        "dsn": false
      }
    ],
    "hours": "Open 24 Hours"
  },
  {
    "name": "Lemoore Van & Storage",
    "location": {
      "street_address": "581 W. Iona Ave",
      "extended_address": "(Corner of Iona & 18 1/2)",
      "locality": "Lemoore",
      "region": "California",
      "region_code": "CA",
      "postal_code": "93245",
      "country_name": "United States",
      "country_code": "US",
      "latitude": 36.283404,
      "longitude": -119.789191
    },
    "phone_numbers": [
      {
        "phone_number": "559-924-3314",
        "phone_type": "voice",
        "dsn": false
      }
    ],
    "hours": "Monday - Friday 0800 - 1630",
    "note": "Cost: $10.00 per ticket (Cash Only)"
  },
  {
    "name": "American Moving & Storage",
    "location": {
      "street_address": "1203 University Parkway",
      "extended_address": null,
      "locality": "Leesville",
      "region": "Louisiana",
      "region_code": "LA",
      "postal_code": "71446",
      "country_name": "United States",
      "country_code": "US",
      "latitude": 31.1350157,
      "longitude": -93.26173059999999
    },
    "phone_numbers": [
      {
        "phone_number": "337-239-9555",
        "phone_type": "voice",
        "dsn": false
      }
    ]
  },
  {
    "name": "Flying J Travel Plaza",
    "location": {
      "street_address": "5901 Fairfield Rd",
      "extended_address": "(I-20 & Fairfield Rd)",
      "locality": "Columbia",
      "region": "South Carolina",
      "region_code": "SC",
      "postal_code": "29203",
      "country_name": "United States",
      "country_code": "US",
      "latitude": 34.0646333,
      "longitude": -81.02364700000001
    },
    "phone_numbers": [
      {
        "phone_number": "803-735-9006",
        "phone_type": "voice",
        "dsn": false
      }
    ],
    "note": "Cost: $11.00 per ticket"
  },
  {
    "name": "Krieg Construction",
    "location": {
      "street_address": "70 W Sleeper Rd",
      "extended_address": null,
      "locality": "Oak Harbor",
      "region": "Washington",
      "region_code": "WA",
      "postal_code": "98277",
      "country_name": "United States",
      "country_code": "US",
      "latitude": 48.340468,
      "longitude": -122.618605
    },
    "phone_numbers": [
      {
        "phone_number": "360-675-4151",
        "phone_type": "voice",
        "dsn": false
      }
    ],
    "hours": "Monday - Friday 0800 - 1700",
    "note": "Cost: Free to Military"
  },
  {
    "name": "Sterling Company",
    "location": {
      "street_address": "263 Industrial Ave",
      "extended_address": null,
      "locality": "Lowell",
      "region": "Massachusetts",
      "region_code": "MA",
      "postal_code": "01852",
      "country_name": "United States",
      "country_code": "US",
      "latitude": 42.619448,
      "longitude": -71.317082
    },
    "phone_numbers": [
      {
        "phone_number": "978-934-8600",
        "phone_type": "voice",
        "dsn": false
      }
    ],
    "note": "Cost: $20.00 per ticket"
  },
  {
    "name": "Empire Recycling Co.",
    "location": {
      "street_address": "64 N Genesee St",
      "extended_address": "(North Genesee & Lee St)",
      "locality": "Utica",
      "region": "New York",
      "region_code": "NY",
      "postal_code": "13502",
      "country_name": "United States",
      "country_code": "US",
      "latitude": 43.1061172,
      "longitude": -75.21951419999999
    },
    "phone_numbers": [
      {
        "phone_number": "315-724-7161",
        "phone_type": "voice",
        "dsn": false
      }
    ],
    "hours": "Monday - Friday 0730 - 1600",
    "note": "Cost: Free to Military"
  },
  {
    "name": "301 Truck Stop",
    "location": {
      "street_address": "301 North Eastern Blvd",
      "extended_address": null,
      "locality": "Fayetteville",
      "region": "North Carolina",
      "region_code": "NC",
      "postal_code": "28301",
      "country_name": "United States",
      "country_code": "US",
      "latitude": 35.0500562,
      "longitude": -78.86422929999999
    },
    "phone_numbers": [
      {
        "phone_number": "(910) 483-0105",
        "phone_type": "voice",
        "dsn": false
      },
      {
        "phone_number": "(910) 312-1142",
        "phone_type": "voice",
        "dsn": false
      }
    ],
    "hours": "0600-2200 M-F\n0730-1700 Sa\nClosed Su",
    "note": "$10.00"
  },
  {
    "name": "Weathers Brothers Transfer Co",
    "location": {
      "street_address": "3700 Murchison Road",
      "extended_address": null,
      "locality": "Fayetteville",
      "region": "North Carolina",
      "region_code": "NC",
      "postal_code": "28311",
      "country_name": "United States",
      "country_code": "US",
      "latitude": 35.100715,
      "longitude": -78.9171077
    },
    "phone_numbers": [
      {
        "phone_number": "(910) 480-2200",
        "phone_type": "voice",
        "dsn": false
      }
    ],
    "urls": [
      {
        "url": "http://weathersmoving.com"
      }
    ],
    "hours": "0730-1700 M-F",
    "note": "$10.00"
  },
  {
    "name": "Patterson Storage Warehouse",
    "location": {
      "street_address": "472 Robeson St",
      "extended_address": null,
      "locality": "Fayetteville",
      "region": "North Carolina",
      "region_code": "NC",
      "postal_code": "28301",
      "country_name": "United States",
      "country_code": "US",
      "latitude": 35.0472066,
      "longitude": -78.89195579999999
    },
    "phone_numbers": [
      {
        "phone_number": "(910) 485-3156",
        "phone_type": "voice",
        "dsn": false
      }
    ],
    "urls": [
      {
        "url": "http://mayflower.com"
      }
    ],
    "hours": "0800-1700 M-F",
    "note": "$10.00"
  },
  {
    "name": "Fayetteville Moving & Storage",
    "location": {
      "street_address": "3715 Ramsey St",
      "extended_address": null,
      "locality": "Fayetteville",
      "region": "North Carolina",
      "region_code": "NC",
      "postal_code": "28311",
      "country_name": "United States",
      "country_code": "US",
      "latitude": 35.110345,
      "longitude": -78.879829
    },
    "phone_numbers": [
      {
        "phone_number": "(910) 488-3101",
        "phone_type": "voice",
        "dsn": false
      }
    ],
    "note": "$6.00"
  },
  {
    "name": "A+ Moving and Storage",
    "location": {
      "street_address": "240 West Mountain Dr",
      "extended_address": null,
      "locality": "Fayetteville",
      "region": "North Carolina",
      "region_code": "NC",
      "postal_code": "28306",
      "country_name": "United States",
      "country_code": "US",
      "latitude": 35.014411,
      "longitude": -78.902078
    },
    "phone_numbers": [
      {
        "phone_number": "(910) 437-5100",
        "phone_type": "voice",
        "dsn": false
      }
    ],
    "urls": [
      {
        "url": "http://localmovinginc.com"
      }
    ],
    "hours": "0800-1700 M-F",
    "note": "$6.00"
  },
  {
    "name": "Modern Moving & Storage",
    "location": {
      "street_address": "537 South Eastern Blvd",
      "extended_address": null,
      "locality": "Fayetteville",
      "region": "North Carolina",
      "region_code": "NC",
      "postal_code": "28301",
      "country_name": "United States",
      "country_code": "US",
      "latitude": 35.0365141,
      "longitude": -78.86751439999999
    },
    "phone_numbers": [
      {
        "phone_number": "(910) 483-0114",
        "phone_type": "voice",
        "dsn": false
      }
    ],
    "urls": [
      {
        "url": "http://fidelitymovingandstorage.com"
      }
    ],
    "hours": "0800-1700 M-F",
    "note": "$10.00"
  },
  {
    "name": "Spring Lake Auto & Salvage",
    "location": {
      "street_address": "1209 Lillington Highway",
      "extended_address": null,
      "locality": "Spring Lake",
      "region": "North Carolina",
      "region_code": "NC",
      "postal_code": "28390",
      "country_name": "United States",
      "country_code": "US",
      "latitude": 35.1852127,
      "longitude": -78.9634487
    },
    "phone_numbers": [
      {
        "phone_number": "(910) 436-3820",
        "phone_type": "voice",
        "dsn": false
      }
    ],
    "urls": [
      {
        "url": "http://youngsautocenter.com"
      }
    ],
    "hours": "0800-1700 M-F",
    "note": "$10.00 / $5.00 Additional Weigh, Cash Only"
  },
  {
    "name": "Parks Moving & Storage",
    "location": {
      "street_address": "3285 Natal St",
      "extended_address": null,
      "locality": "Fayetteville",
      "region": "North Carolina",
      "region_code": "NC",
      "postal_code": "28306",
      "country_name": "United States",
      "country_code": "US",
      "latitude": 35.0097017,
      "longitude": -78.9180773
    },
    "phone_numbers": [
      {
        "phone_number": "(910) 425-1116",
        "phone_type": "voice",
        "dsn": false
      }
    ],
    "urls": [
      {
        "url": "http://parksmovingandstorageinc.com"
      }
    ],
    "hours": "0700-1700 M-F",
    "note": "$8.00"
  },
  {
    "name": "Penske Truck Rentals",
    "location": {
      "street_address": "5741 Bragg Blvd",
      "extended_address": null,
      "locality": "Fayetteville",
      "region": "North Carolina",
      "region_code": "NC",
      "postal_code": "28303",
      "country_name": "United States",
      "country_code": "US",
      "latitude": 35.1041745,
      "longitude": -78.9598319
    },
    "phone_numbers": [
      {
        "phone_number": "(910) 487-9368",
        "phone_type": "voice",
        "dsn": false
      }
    ],
    "urls": [
      {
        "url": "http://pensketruckrental.com"
      }
    ],
    "hours": "0800-1700 M-F\n0800-1300 Sa",
    "note": "$10.00"
  },
  {
    "name": "International Moving & Storage",
    "location": {
      "street_address": "803 Eastern Blvd",
      "extended_address": null,
      "locality": "Fayetteville",
      "region": "North Carolina",
      "region_code": "NC",
      "postal_code": "28301",
      "country_name": "United States",
      "country_code": "US",
      "latitude": 35.0337133,
      "longitude": -78.87356079999999
    },
    "phone_numbers": [
      {
        "phone_number": "(910) 483-4195",
        "phone_type": "voice",
        "dsn": false
      },
      {
        "phone_number": "(910) 485-2428",
        "phone_type": "voice",
        "dsn": false
      }
    ],
    "urls": [
      {
        "url": "http://intlselfstorage.com"
      }
    ],
    "hours": "0800-1700 M-F\n0800-1200 Sa",
    "note": "$6.00"
  },
  {
    "name": "Moore County Landfill",
    "location": {
      "street_address": "456 Turning Leaf Way",
      "extended_address": null,
      "locality": "Aberdeen",
      "region": "North Carolina",
      "region_code": "NC",
      "postal_code": "28315",
      "country_name": "United States",
      "country_code": "US",
      "latitude": 35.147562,
      "longitude": -79.4813015
    },
    "phone_numbers": [
      {
        "phone_number": "(910) 638-5125",
        "phone_type": "voice",
        "dsn": false
      },
      {
        "phone_number": "(910) 295-4202",
        "phone_type": "voice",
        "dsn": false
      }
    ],
    "urls": [
      {
        "url": "http://moorecountync.gov"
      }
    ],
    "hours": "0800-1600 M-F\n0700-1200 Sa",
    "note": "$10.00"
  },
  {
    "name": "Okaloosa County Transfer",
    "location": {
      "street_address": "630 Transit Way",
      "extended_address": null,
      "locality": "Ft. Walton Beach",
      "region": "Florida",
      "region_code": "FL",
      "postal_code": "32547",
      "country_name": "United States",
      "country_code": "US",
      "latitude": 30.4349021,
      "longitude": -86.6736095
    },
    "phone_numbers": [
      {
        "phone_number": "850-244-7642",
        "phone_type": "voice",
        "dsn": false
      }
    ],
    "hours": "Monday  Friday 0600 - 1700 / Saturday 0600  1200",
    "note": "No cost to the soldier/spouse if they have a copy of their current PCS orders on them when weighing."
  },
  {
    "name": "Wright Compost",
    "location": {
      "street_address": "1671 N. Beal Extension",
      "extended_address": null,
      "locality": "Ft. Walton Beach",
      "region": "Florida",
      "region_code": "FL",
      "postal_code": "32549",
      "country_name": "United States",
      "country_code": "US",
      "latitude": 30.4717058,
      "longitude": -86.6403852
    },
    "phone_numbers": [
      {
        "phone_number": "850-651-7399",
        "phone_type": "voice",
        "dsn": false
      }
    ],
    "hours": "Monday  Friday 0700 - 1530 / Saturday 0700  1200",
    "note": "No cost to the soldier/spouse if they have a copy of their current PCS orders on them when weighing."
  },
  {
    "name": "Baker Transfer",
    "location": {
      "street_address": "1412 Charlie Day Rd.",
      "extended_address": null,
      "locality": "Baker",
      "region": "Florida",
      "region_code": "FL",
      "postal_code": "32531",
      "country_name": "United States",
      "country_code": "US",
      "latitude": 30.7702749,
      "longitude": -86.6933076
    },
    "phone_numbers": [
      {
        "phone_number": "850-573-3536",
        "phone_type": "voice",
        "dsn": false
      }
    ],
    "hours": "Monday - Friday 0700 - 1530 / Saturday 0700 1200",
    "note": "No cost to the soldier/spouse if they have a copy of their current PCS orders on them when weighing."
  },
  {
    "name": "Quality Transfer and Storage Co., Inc.",
    "location": {
      "street_address": "22390 Three Notch Rd.",
      "extended_address": null,
      "locality": "Lexington Park",
      "region": "Maryland",
      "region_code": "MD",
      "postal_code": "20653",
      "country_name": "United States",
      "country_code": "US",
      "latitude": 38.2826533,
      "longitude": -76.4730861
    },
    "phone_numbers": [
      {
        "phone_number": "301-862-2331",
        "phone_type": "voice",
        "dsn": false
      }
    ]
  },
  {
    "name": "AAA Materials",
    "location": {
      "street_address": "42707 St. Andrews Church Rd.",
      "extended_address": null,
      "locality": "Leonardtown",
      "region": "Maryland",
      "region_code": "MD",
      "postal_code": "20650",
      "country_name": "United States",
      "country_code": "US",
      "latitude": 38.2881481,
      "longitude": -76.5991054
    },
    "phone_numbers": [
      {
        "phone_number": "301-475-2939",
        "phone_type": "voice",
        "dsn": false
      }
    ]
  }
]
